{"theme_logo":{"url":"https:\/\/themexriver.com\/wp\/magezix\/wp-content\/uploads\/2022\/06\/logo.svg","id":"1084","width":"170","height":"44","thumbnail":"https:\/\/themexriver.com\/wp\/magezix\/wp-content\/uploads\/2022\/06\/logo.svg","alt":"","title":"logo","description":""},"theme_light_logo":{"url":"https:\/\/themexriver.com\/wp\/magezix\/wp-content\/uploads\/2022\/06\/light-logo.svg","id":"1083","width":"185","height":"47","thumbnail":"https:\/\/themexriver.com\/wp\/magezix\/wp-content\/uploads\/2022\/06\/light-logo.svg","alt":"","title":"light-logo","description":""},"theme_v2_logo":{"url":"https:\/\/themexriver.com\/wp\/magezix\/wp-content\/uploads\/2022\/06\/logo-v2.svg","id":"1085","width":"174","height":"55","thumbnail":"https:\/\/themexriver.com\/wp\/magezix\/wp-content\/uploads\/2022\/06\/logo-v2.svg","alt":"","title":"logo-v2","description":""},"theme_light_v2_logo":{"url":"","id":"","width":"","height":"","thumbnail":"","alt":"","title":"","description":""},"theme_v3_logo":{"url":"","id":"","width":"","height":"","thumbnail":"","alt":"","title":"","description":""},"theme_light_v3_logo":{"url":"","id":"","width":"","height":"","thumbnail":"","alt":"","title":"","description":""},"theme_v4_logo":{"url":"","id":"","width":"","height":"","thumbnail":"","alt":"","title":"","description":""},"theme_light_v4_logo":{"url":"","id":"","width":"","height":"","thumbnail":"","alt":"","title":"","description":""},"theme_header_sticky":"1","header_glob_style":"","top_bar_hid":"1","header-btn-link":{"url":"#","text":"Login \/ Sign Up","target":""},"selected_language_flag":{"url":"https:\/\/themexriver.com\/wp\/magezix\/wp-content\/uploads\/2022\/06\/flag.png","id":"1073","width":"17","height":"12","thumbnail":"https:\/\/themexriver.com\/wp\/magezix\/wp-content\/uploads\/2022\/06\/flag.png","alt":"English","title":"flag","description":""},"selected_language_link":"#","language_switch":[{"country_name":"English","country_link":"#"},{"country_name":"Arabic","country_link":"#"},{"country_name":"Spanish","country_link":"#"}],"weather_text":"30 Degree","hd_tw_location":"New Yourk","sidebar_browse_category_menu_switcher":"1","sidebar_browse_category_menu_title":"Browse Category","preloader_enable":"1","preloader-custom-img":{"url":"","id":"","width":"","height":"","thumbnail":"","alt":"","title":"","description":""},"loader_width":"","preloader-background":"","body-typography":{"font-family":"","font-weight":"","font-style":"","subset":"","text-align":"","text-transform":"","font-size":"","line-height":"","letter-spacing":"","color":"","type":"","unit":"px"},"heading-gl-typo":{"font-family":"","font-weight":"","font-style":"","subset":"","text-align":"","text-transform":"","font-size":"","line-height":"","letter-spacing":"","color":"","type":"","unit":"px"},"post_label_":"Trending","trend_post_count":"5","select-tags-trend":"14","notification_label":"Notification","notification_more_link":{"url":"https:\/\/themexriver.com\/wp\/magezix\/blog\/","text":"Show More","target":"_blank"},"post_label":"Latest News","noti_post_count":"-1","magezix_news_layout":"3","page-spacing-blog":{"top":"","right":"","bottom":"","left":"","unit":"px"},"is_active_breadcrumb":"1","br_custom_title":"","breadcrumb_image":{"url":"","id":"","width":"","height":"","thumbnail":"","alt":"","title":"","description":""},"blog_btn_text":"Explore More","blog_one_date_switcher":"1","blog_category_switcher":"1","blog_admin_switcher":"1","blog_comment_switcher":"1","blog_reading_switcher":"1","blog_share_switcher":"1","blog_tag_switcher":"1","show_header_ads":"1","mzx_ads_s_image":{"url":"https:\/\/themexriver.com\/wp\/magezix\/wp-content\/uploads\/2022\/06\/img_07.png","id":"1996","width":"575","height":"54","thumbnail":"https:\/\/themexriver.com\/wp\/magezix\/wp-content\/uploads\/2022\/06\/img_07-150x54.png","alt":"","title":"img_07","description":""},"ads_link_":"https:\/\/themeforest.net\/user\/themexriver","show_header_ads_v2":"1","mzx_ads_v2_s_image":{"url":"https:\/\/themexriver.com\/wp\/magezix\/wp-content\/uploads\/2022\/06\/img_09.png","id":"2241","width":"530","height":"47","thumbnail":"https:\/\/themexriver.com\/wp\/magezix\/wp-content\/uploads\/2022\/06\/img_09-150x47.png","alt":"","title":"img_09","description":""},"ads_link_v2":"https:\/\/themeforest.net\/user\/themexriver","enable_reading_progress":"1","magezix_single_post_layout":"","blog_single_date_switcher":"1","blog_single_category_switcher":"1","blog_single_admin_switcher":"1","blog_single_comment_switcher":"1","blog_single_read_switcher":"1","blog_single_top_social_icon_switcher":"1","blog_single_bottom_tag_switcher":"1","blog_single_bottom_social_icon_switcher":"1","blog_single_next_prev_post_switcher":"1","mazc-primery-color":"#ff184e","mazc-primery-2-color":"#2962FF","mazc-color-primary-3":"#F10505","mazc-color-white":"#ffffff","mazc-color-black":"#000000","mazc-color-default":"#5D6273","mazc-color-gray":"#F8F8F8","mazc-color-border":"#E1E0E0","mazc-color-border-2":"#F2F1F1","mazc-color-border-3":"#f7f7f7","mazc-color-dark":"#111111","mazc-color-dark-2":"#080B17","magezix-social-global":[{"social_icon":"fab fa-facebook-f","social_name":"Facebook","social_link":"https:\/\/facebook.com","follow_btn":"Follow"},{"social_icon":"fab fa-twitter","social_name":"Twitter","social_link":"https:\/\/www.twitter.com\/","follow_btn":"Follow"},{"social_icon":"fab fa-instagram","social_name":"Instagram","social_link":"https:\/\/www.instagram.com\/","follow_btn":"Follow"},{"social_icon":"fab fa-youtube","social_name":"Youtube","social_link":"https:\/\/www.youtube.com\/","follow_btn":"Subscribe"},{"social_icon":"fab fa-pinterest","social_name":"Pinterest","social_link":"https:\/\/www.pinterest.com\/","follow_btn":"Follow"}],"mgx_cat_global_layout":"cat-layout-one","error_code":"404","error_title":"Oops... It looks like you \u2018re lost !","error_info_title":"Oops! The page you are looking for does not exist. It might have been moved or deleted.","error_button":"Go Back Home","page-spacing-error":{"top":"","right":"","bottom":"","left":"","unit":"px"},"footer_glob_style":"footer-style-one","footer_logo":{"url":"","id":"","width":"","height":"","thumbnail":"","alt":"","title":"","description":""},"footer_v2_logo":{"url":"","id":"","width":"","height":"","thumbnail":"","alt":"","title":"","description":""},"footer_v3_logo":{"url":"","id":"","width":"","height":"","thumbnail":"","alt":"","title":"","description":""},"magezix_copywrite_text":"","add_appstore_here_link":[{"app_logo":{"url":"https:\/\/themexriver.com\/wp\/magezix\/wp-content\/uploads\/2022\/06\/google_play.png","id":"1701","width":"134","height":"45","thumbnail":"https:\/\/themexriver.com\/wp\/magezix\/wp-content\/uploads\/2022\/06\/google_play.png","alt":"","title":"google_play","description":""},"app_Store_link":"https:\/\/play.google.com\/store\/apps"},{"app_logo":{"url":"https:\/\/themexriver.com\/wp\/magezix\/wp-content\/uploads\/2022\/06\/app_store.png","id":"1702","width":"134","height":"45","thumbnail":"https:\/\/themexriver.com\/wp\/magezix\/wp-content\/uploads\/2022\/06\/app_store.png","alt":"Apple Store","title":"app_store","description":""},"app_Store_link":"https:\/\/www.apple.com\/store"}],"footer_social_link":[{"f_icon":"fab fa-facebook-f","social_link":"https:\/\/facebook.com"},{"f_icon":"fab fa-twitter","social_link":"https:\/\/facebook.com"},{"f_icon":"fab fa-instagram","social_link":"https:\/\/instagram.com"},{"f_icon":"fab fa-youtube","social_link":"https:\/\/youtube.com"},{"f_icon":"fab fa-pinterest-p","social_link":"https:\/\/pinterest.com"}],"footer_link1":{"url":"#","text":"Terms of Us","target":""},"footer_link2":{"url":"#","text":"Privacy Policy","target":""}}